amfi_code,scheme_name,CAGR_3Y,Sharpe_Ratio,Alpha,expense_ratio_pct,Maximum_Drawdown,Return_Rank,Sharpe_Rank,Alpha_Rank,Expense_Rank,Drawdown_Rank,Return_Score,Sharpe_Score,Alpha_Score,Expense_Score,Drawdown_Score,Fund_Score
148567,Mirae Asset Large Cap Fund - Regular - Growth,0.3400091602163293,1.4482911703262595,0.2698375144191807,1.46,-0.11265729075028275,2.0,1.0,7.0,23.0,8.0,97.43589743589743,100.0,84.61538461538461,43.58974358974359,82.05128205128204,85.89743589743588
120505,ICICI Pru Midcap Fund - Regular - Growth,0.317775371512347,1.1801011976606495,0.2926358334175106,1.36,-0.18188513572116294,5.0,5.0,3.0,15.0,25.0,89.74358974358975,89.74358974358975,94.87179487179486,64.1025641025641,38.46153846153847,81.7948717948718
120843,Kotak Flexicap Fund - Regular - Growth,0.2958277033726251,1.3067439695428407,0.27330465038306057,1.45,-0.1297396816518679,7.0,2.0,5.0,22.0,13.0,84.61538461538461,97.43589743589743,89.74358974358975,46.15384615384615,69.23076923076923,81.53846153846153
100033,HDFC Mid-Cap Opportunities Fund - Regular - Growth,0.32442459421956116,1.0936987435346308,0.2719535450128533,1.38,-0.16217208574644848,4.0,7.0,6.0,17.0,20.0,92.3076923076923,84.61538461538461,87.17948717948718,58.97435897435898,51.28205128205128,80.25641025641023
120504,ICICI Pru Bluechip Fund - Direct - Growth,0.3248742855621496,1.0265242847993004,0.2119482701352573,0.8,-0.12588275606922517,3.0,10.0,13.0,12.0,12.0,94.87179487179486,76.92307692307693,69.23076923076923,71.7948717948718,71.7948717948718,79.48717948717949
119094,Axis Midcap Fund - Regular - Growth,0.35111802096428524,0.9982309868636414,0.2607666908004223,1.38,-0.20960883862039192,1.0,11.0,9.0,17.0,28.0,100.0,74.35897435897436,79.48717948717949,58.97435897435898,30.76923076923077,76.41025641025642
119551,SBI Bluechip Fund - Regular Plan - Growth,0.3045652442030289,1.2082665673727175,0.23201007160635082,1.54,-0.1501238549864533,6.0,4.0,10.0,30.5,17.0,87.17948717948718,92.3076923076923,76.92307692307693,24.358974358974358,58.97435897435898,74.16666666666667
148569,Mirae Asset Tax Saver Fund - Regular - Growth,0.2917890157839378,1.2349300257743296,0.2827036785246582,1.6,-0.1639674294693263,8.0,3.0,4.0,36.5,21.0,82.05128205128204,94.87179487179486,92.3076923076923,8.974358974358974,48.717948717948715,73.01282051282051
101206,ABSL Frontline Equity Fund - Regular - Growth,0.2896769452874166,1.0272133278753697,0.21399784776051212,1.6,-0.11291596329323073,9.0,9.0,12.0,36.5,9.0,79.48717948717949,79.48717948717949,71.7948717948718,8.974358974358974,79.48717948717949,67.37179487179486
119598,SBI Small Cap Fund - Regular Plan - Growth,0.2666992200118774,0.9453082575156093,0.3033696538698332,1.43,-0.2870600572176455,12.0,14.0,1.0,21.0,36.0,71.7948717948718,66.66666666666666,100.0,48.717948717948715,10.256410256410255,66.53846153846153
149323,DSP Midcap Fund - Regular - Growth,0.268699908289022,1.1321218524747245,0.26598577542043045,1.61,-0.17248105753451382,11.0,6.0,8.0,38.0,22.0,74.35897435897436,87.17948717948718,82.05128205128204,5.128205128205128,46.15384615384615,65.8974358974359
149324,DSP Small Cap Fund - Regular - Growth,0.27000426614519246,0.9497958246616031,0.3005787817097677,1.52,-0.31171900300634214,10.0,13.0,2.0,26.5,37.0,76.92307692307693,69.23076923076923,97.43589743589743,34.61538461538461,7.6923076923076925,65.83333333333334
118632,Nippon India Large Cap Fund - Regular - Growth,0.22652359830098634,1.0816591793457044,0.21829397904608644,1.51,-0.17414075086657232,14.0,8.0,11.0,24.5,23.0,66.66666666666666,82.05128205128204,74.35897435897436,39.743589743589745,43.58974358974359,65.7051282051282
119552,SBI Bluechip Fund - Direct Plan - Growth,0.16267372294624916,0.9532794968660103,0.1986859936686296,0.66,-0.11803493502764295,23.0,12.0,15.0,4.0,11.0,43.58974358974359,71.7948717948718,64.1025641025641,92.3076923076923,74.35897435897436,65.12820512820512
125497,HDFC Top 100 Fund - Direct Plan - Growth,0.18434488610520172,0.7757902498211207,0.17729754927531766,0.92,-0.15200013055606398,19.0,18.0,16.0,14.0,18.0,53.84615384615385,56.41025641025641,61.53846153846154,66.66666666666666,56.41025641025641,58.205128205128204
118635,Nippon India ETF Nifty 50 BeES,0.20008208380471482,0.6648569985490619,0.1513635464823924,0.89,-0.1165062450540909,17.0,19.0,23.0,13.0,10.0,58.97435897435898,53.84615384615385,43.58974358974359,69.23076923076923,76.92307692307693,57.948717948717956
118633,Nippon India Large Cap Fund - Direct - Growth,0.2108997654925684,0.6452074382933215,0.15643835948169668,0.72,-0.18629743138595511,15.0,21.0,22.0,5.5,26.0,64.1025641025641,48.717948717948715,46.15384615384615,88.46153846153845,35.8974358974359,57.5
102885,UTI Nifty 50 Index Fund - Regular - Growth,0.1966726206830185,0.8170993373494368,0.17048756803412696,1.57,-0.1085986215250232,18.0,16.0,19.0,34.0,7.0,56.41025641025641,61.53846153846154,53.84615384615385,15.384615384615385,84.61538461538461,53.84615384615385
120503,ICICI Pru Bluechip Fund - Regular - Growth,0.13978381933703043,0.7979728586052847,0.17703302365844073,1.42,-0.13897862823061635,25.0,17.0,17.0,20.0,14.0,38.46153846153847,58.97435897435898,58.97435897435898,51.28205128205128,66.66666666666666,52.43589743589744
148568,Mirae Asset Emerging Bluechip Fund - Regular - Growth,0.14748035533586012,0.9262873467360146,0.20873010086942337,1.52,-0.1527259422823477,24.0,15.0,14.0,26.5,19.0,41.02564102564102,64.1025641025641,66.66666666666666,34.61538461538461,53.84615384615385,52.243589743589745
120506,ICICI Pru Value Discovery Fund - Regular - Growth,0.1842199653744454,0.6488787755249532,0.1625385327998104,1.41,-0.1982565826298267,20.0,20.0,20.0,19.0,27.0,51.28205128205128,51.28205128205128,51.28205128205128,53.84615384615385,33.33333333333333,49.87179487179487
120507,ICICI Pru Liquid Fund - Regular - Growth,0.07394286300360076,0.4957233929533124,0.06746210411099539,0.74,-0.0009773140045925555,29.0,23.0,31.0,7.0,1.0,28.205128205128204,43.58974358974359,23.076923076923077,84.61538461538461,100.0,46.666666666666664
119093,Axis Bluechip Fund - Direct - Growth,0.20816771175535864,0.12961449795669325,0.08232801295222093,0.75,-0.21751396370148224,16.0,29.0,28.0,8.0,31.0,61.53846153846154,28.205128205128204,30.76923076923077,82.05128205128204,23.076923076923077,46.28205128205128
102887,UTI Flexi Cap Fund - Regular - Growth,0.25556187904126526,0.6195175900829828,0.16211256794033255,1.64,-0.21539827112383225,13.0,22.0,21.0,39.5,30.0,69.23076923076923,46.15384615384615,48.717948717948715,1.282051282051282,25.64102564102564,44.80769230769231
149322,DSP Top 100 Equity Fund - Regular - Growth,0.18044206486636138,0.4640374492204777,0.13173190226099432,1.54,-0.14844576917771746,21.0,25.0,24.0,30.5,16.0,48.717948717948715,38.46153846153847,41.02564102564102,24.358974358974358,61.53846153846154,42.24358974358974
125498,HDFC Mid-Cap Opportunities Fund - Direct - Growth,0.11245222866621418,0.3006119210425478,0.11989100971217971,0.78,-0.21117279560132118,26.0,27.0,26.0,10.0,29.0,35.8974358974359,33.33333333333333,35.8974358974359,76.92307692307693,28.205128205128204,40.641025641025635
120844,Kotak Liquid Fund - Regular - Growth,0.06695971624586994,-0.08874729621557331,0.06455677495375998,0.6,-0.0011629327956168556,30.0,34.0,32.0,3.0,2.0,25.64102564102564,15.384615384615385,20.51282051282051,94.87179487179486,97.43589743589743,39.61538461538461
120841,Kotak Bluechip Fund - Regular - Growth,0.1726727508371786,0.49427253786723496,0.13042924450705445,1.59,-0.1757361416468729,22.0,24.0,25.0,35.0,24.0,46.15384615384615,41.02564102564102,38.46153846153847,12.82051282051282,41.02564102564102,37.82051282051282
118634,Nippon India Small Cap Fund - Regular - Growth,0.08007927728656083,0.4484340089089914,0.1750072167561127,1.53,-0.2334488614483311,27.0,26.0,18.0,28.5,32.0,33.33333333333333,35.8974358974359,56.41025641025641,29.48717948717949,20.51282051282051,36.73076923076923
118636,Nippon India Gilt Securities Fund - Regular - Growth,0.040622050237771434,-0.356629507514368,0.05074772999976104,0.55,-0.08316361763638702,33.0,38.0,35.0,1.0,6.0,17.94871794871795,5.128205128205128,12.82051282051282,100.0,87.17948717948718,32.94871794871795
119120,SBI Magnum Gilt Fund - Regular Plan - Growth,0.05840358798463097,-0.22657538662791596,0.05620895216638369,0.77,-0.04328728923970093,32.0,37.0,34.0,9.0,5.0,20.51282051282051,7.6923076923076925,15.384615384615385,79.48717948717949,89.74358974358975,32.05128205128205
101208,ABSL Liquid Fund - Regular - Growth,0.06315784491375509,-0.8155673679088278,0.060861457957871144,0.79,-0.0016224980244717857,31.0,40.0,33.0,11.0,3.0,23.076923076923077,0.0,17.94871794871795,74.35897435897436,94.87179487179486,31.153846153846153
100025,HDFC Short Term Debt Fund - Regular - Growth,0.039163899571040384,-0.5670947928476847,0.042817920315060876,0.56,-0.04308263824636349,34.0,39.0,38.0,2.0,4.0,15.384615384615385,2.564102564102564,5.128205128205128,97.43589743589743,92.3076923076923,30.128205128205124
120842,Kotak Emerging Equity Fund - Regular - Growth,0.07756003551327284,0.07599984804658917,0.0780443887615508,1.56,-0.24003511326274884,28.0,30.0,29.0,33.0,33.0,30.76923076923077,25.64102564102564,28.205128205128204,17.94871794871795,17.94871794871795,25.76923076923077
119599,SBI Small Cap Fund - Direct Plan - Growth,-0.01337386614488112,-0.05718662582817997,0.048824215945539845,0.72,-0.5257422117012851,38.0,32.0,36.0,5.5,40.0,5.128205128205128,20.51282051282051,10.256410256410255,88.46153846153845,0.0,21.987179487179485
119092,Axis Bluechip Fund - Regular - Growth,0.005258871209757432,0.030784850954585913,0.0689952982167755,1.64,-0.1440161790933726,36.0,31.0,30.0,39.5,15.0,10.256410256410255,23.076923076923077,25.64102564102564,1.282051282051282,64.1025641025641,20.576923076923077
101207,ABSL Small Cap Fund - Regular - Growth,-0.04152381044854481,0.1626607692864677,0.10897091901704538,1.53,-0.3544691649336603,39.0,28.0,27.0,28.5,38.0,2.564102564102564,30.76923076923077,33.33333333333333,29.48717948717949,5.128205128205128,20.064102564102562
119095,Axis Small Cap Fund - Regular - Growth,-0.11705806723995271,-0.07597357117478923,0.048015953637759554,1.38,-0.5167775370852656,40.0,33.0,37.0,17.0,39.0,0.0,17.94871794871795,7.6923076923076925,58.97435897435898,2.564102564102564,15.128205128205128
100016,HDFC Top 100 Fund - Regular Plan - Growth,0.01292649342495622,-0.2015170675596694,0.03747580763443281,1.55,-0.24734440880673303,35.0,35.0,39.0,32.0,34.0,12.82051282051282,12.82051282051282,2.564102564102564,20.51282051282051,15.384615384615385,12.179487179487179
102886,UTI Mid Cap Fund - Regular - Growth,-0.007674063178547241,-0.20583160785470314,0.028969397866379445,1.51,-0.2800112356639287,37.0,36.0,40.0,24.5,35.0,7.6923076923076925,10.256410256410255,0.0,39.743589743589745,12.82051282051282,12.115384615384613
